Claim,Expected,Observed,AbsDiff,Status
APOE_H_norm,0.95,0.36096404744368116,0.5890359525563188,CHECK
BDNF_H_norm,0.77,0.8228556852037892,0.05285568520378914,CHECK
MTHFR_H_norm,0.71,0.49261406801712576,0.2173859319828742,CHECK
GBA_H_norm,0.71,-0.0,0.71,CHECK
APOE_Domain_Degree,4.0,0.0,4.0,CHECK
